{
  "fold_0": 0.7516447368421053,
  "fold_1": 0.7568464730290456,
  "fold_2": 0.7281632653061224,
  "fold_3": 0.7460711331679074,
  "fold_4": 0.7516339869281046
}