{
  "experiment_id": "exp20260112174906",
  "train_f1": 0.8335467349551856,
  "cv_mean": 0.7416335250332355,
  "cv_std": 0.013945565160976007,
  "cv_scores": [
    0.7616747181964574,
    0.7312,
    0.723673792557403,
    0.7530364372469636,
    0.7385826771653543
  ],
  "public_lb": 0.77965
}