{
  "fold_0": 0.7616747181964574,
  "fold_1": 0.7312,
  "fold_2": 0.723673792557403,
  "fold_3": 0.7530364372469636,
  "fold_4": 0.7385826771653543
}