{
  "experiment_id": "exp20260106030720",
  "train_f1": 0.8541840654751962,
  "cv_mean": 0.7425259642218017,
  "cv_std": 0.013733922406406186,
  "cv_scores": [
    0.7586805555555556,
    0.7444253859348199,
    0.7178175618073316,
    0.7410636442894507,
    0.7506426735218509
  ],
  "public_lb": 0.80079
}