{
  "fold_0": 0.7586805555555556,
  "fold_1": 0.7444253859348199,
  "fold_2": 0.7178175618073316,
  "fold_3": 0.7410636442894507,
  "fold_4": 0.7506426735218509
}